{
  "center": [
    464.18017578125,
    195.17041015625
  ],
  "width_px": 169.08567810058594,
  "height_px": 138.74314880371094,
  "width_cm": 117.70054052581789,
  "height_cm": 96.57910588226319,
  "angle": 84.46136474609375,
  "area": 95.0,
  "dist_from_left_cm": 268.69460000000004,
  "box": [
    [
      386,
      117
    ],
    [
      525,
      104
    ],
    [
      541,
      272
    ],
    [
      403,
      286
    ]
  ]
}